{"cameraMode":{"drawMode":0,"name":"Shaded","section":"Shading Mode"},"sceneLighting":true,"audioPlay":false,"sceneViewState":{"m_AlwaysRefresh":false,"showFog":true,"showSkybox":true,"showFlares":true,"showImageEffects":true,"showParticleSystems":true,"showVisualEffectGraphs":true,"m_FxEnabled":true},"in2DMode":false,"pivot":{"x":0.6591712236404419,"y":0.2534017562866211,"z":-0.054631635546684268},"rotation":{"x":0.0004049911512993276,"y":0.9743877053260803,"z":-0.2248697280883789,"w":0.0017549318727105857},"size":21.49649429321289,"orthographic":false}